evidence_id,source_ids,crosswalk_status,source_work,notes
EV-0001,SRC-0001;SRC-0002,PRIMARY_WITH_TRANSLATION_AID,Manimekalai,Line/page verification remains governed by the source register and evidence record.
EV-0002,SRC-0001;SRC-0002,PRIMARY_WITH_TRANSLATION_AID,Manimekalai,Line/page verification remains governed by the source register and evidence record.
EV-0003,SRC-0001;SRC-0002,PRIMARY_WITH_TRANSLATION_AID,Manimekalai,Line/page verification remains governed by the source register and evidence record.
EV-0004,SRC-0001;SRC-0002,PRIMARY_WITH_TRANSLATION_AID,Manimekalai,Line/page verification remains governed by the source register and evidence record.
EV-0005,SRC-0001;SRC-0002,PRIMARY_WITH_TRANSLATION_AID,Manimekalai,Line/page verification remains governed by the source register and evidence record.
EV-0006,SRC-0001;SRC-0002,PRIMARY_WITH_TRANSLATION_AID,Manimekalai,Line/page verification remains governed by the source register and evidence record.
EV-0007,SRC-0005,RECORD_LEVEL_CROSSWALK,Tamil Nadu Department of Archaeology,Line/page verification remains governed by the source register and evidence record.
EV-0008,SRC-0005,RECORD_LEVEL_CROSSWALK,Tamil Nadu Department of Archaeology,Line/page verification remains governed by the source register and evidence record.
EV-0009,,INTERNAL_PROJECT_RECORD,Project methodology,Line/page verification remains governed by the source register and evidence record.
EV-0010,,INTERNAL_PROJECT_RECORD,Project adaptation,Line/page verification remains governed by the source register and evidence record.
EV-0011,SRC-0001;SRC-0002,PRIMARY_WITH_TRANSLATION_AID,Manimekalai,Line/page verification remains governed by the source register and evidence record.
EV-0012,SRC-0001;SRC-0002,PRIMARY_WITH_TRANSLATION_AID,Manimekalai,Line/page verification remains governed by the source register and evidence record.
EV-0013,SRC-0001;SRC-0002,PRIMARY_WITH_TRANSLATION_AID,Manimekalai,Line/page verification remains governed by the source register and evidence record.
EV-0014,SRC-0001;SRC-0002,PRIMARY_WITH_TRANSLATION_AID,Manimekalai,Line/page verification remains governed by the source register and evidence record.
EV-0015,SRC-0005,RECORD_LEVEL_CROSSWALK,Tamil Nadu Department of Archaeology,Line/page verification remains governed by the source register and evidence record.
EV-0016,SRC-0006,RECORD_LEVEL_CROSSWALK,Tamil Nadu Department of Archaeology,Line/page verification remains governed by the source register and evidence record.
EV-0017,SRC-0007,RECORD_LEVEL_CROSSWALK,Tamil Nadu Department of Archaeology,Line/page verification remains governed by the source register and evidence record.
EV-0018,SRC-0009,REGISTERED_SOURCE,Staples and Blue,Line/page verification remains governed by the source register and evidence record.
EV-0019,SRC-0006,RECORD_LEVEL_CROSSWALK,Project methodology based on archaeological reports,Line/page verification remains governed by the source register and evidence record.
EV-0020,,INTERNAL_PROJECT_RECORD,Project adaptation,Line/page verification remains governed by the source register and evidence record.
EV-0021,SRC-0001;SRC-0002,PRIMARY_WITH_TRANSLATION_AID,Manimekalai,Line/page verification remains governed by the source register and evidence record.
EV-0022,SRC-0001;SRC-0002,PRIMARY_WITH_TRANSLATION_AID,Manimekalai,Line/page verification remains governed by the source register and evidence record.
EV-0023,SRC-0001;SRC-0002,PRIMARY_WITH_TRANSLATION_AID,Manimekalai,Line/page verification remains governed by the source register and evidence record.
EV-0024,SRC-0001;SRC-0002,PRIMARY_WITH_TRANSLATION_AID,Manimekalai,Line/page verification remains governed by the source register and evidence record.
EV-0025,SRC-0001;SRC-0002,PRIMARY_WITH_TRANSLATION_AID,Manimekalai,Line/page verification remains governed by the source register and evidence record.
EV-0026,SRC-0001;SRC-0002,PRIMARY_WITH_TRANSLATION_AID,Manimekalai,Line/page verification remains governed by the source register and evidence record.
EV-0027,SRC-0011,RECORD_LEVEL_CROSSWALK,Tamil Nadu Department of Archaeology,Line/page verification remains governed by the source register and evidence record.
EV-0028,SRC-0011,RECORD_LEVEL_CROSSWALK,Tamil Nadu Department of Archaeology,Line/page verification remains governed by the source register and evidence record.
EV-0029,SRC-0012,RECORD_LEVEL_CROSSWALK,Tamil Nadu Department of Archaeology,Line/page verification remains governed by the source register and evidence record.
EV-0030,SRC-0013,RECORD_LEVEL_CROSSWALK,Tamil Nadu Department of Archaeology,Line/page verification remains governed by the source register and evidence record.
EV-0031,SRC-0014,RECORD_LEVEL_CROSSWALK,Tamil Nadu Department of Archaeology,Line/page verification remains governed by the source register and evidence record.
EV-0032,,INTERNAL_PROJECT_RECORD,Project methodology,Line/page verification remains governed by the source register and evidence record.
EV-0033,,INTERNAL_PROJECT_RECORD,Project adaptation,Line/page verification remains governed by the source register and evidence record.
EV-0034,,INTERNAL_PROJECT_RECORD,Project methodology,Line/page verification remains governed by the source register and evidence record.
EV-0035,SRC-0001;SRC-0002,PRIMARY_WITH_TRANSLATION_AID,Manimekalai,Line/page verification remains governed by the source register and evidence record.
EV-0036,SRC-0001;SRC-0002,PRIMARY_WITH_TRANSLATION_AID,Manimekalai,Line/page verification remains governed by the source register and evidence record.
EV-0037,SRC-0001;SRC-0002,PRIMARY_WITH_TRANSLATION_AID,Manimekalai,Line/page verification remains governed by the source register and evidence record.
EV-0038,SRC-0001;SRC-0002,PRIMARY_WITH_TRANSLATION_AID,Manimekalai,Line/page verification remains governed by the source register and evidence record.
EV-0039,SRC-0001;SRC-0002,PRIMARY_WITH_TRANSLATION_AID,Manimekalai,Line/page verification remains governed by the source register and evidence record.
EV-0040,SRC-0001;SRC-0002,PRIMARY_WITH_TRANSLATION_AID,Manimekalai,Line/page verification remains governed by the source register and evidence record.
EV-0041,SRC-0001;SRC-0002,PRIMARY_WITH_TRANSLATION_AID,Manimekalai,Line/page verification remains governed by the source register and evidence record.
EV-0042,SRC-0015;SRC-0016;SRC-0017,RECORD_LEVEL_CROSSWALK,Tamil Nadu Department of Archaeology,Line/page verification remains governed by the source register and evidence record.
EV-0043,SRC-0018,RECORD_LEVEL_CROSSWALK,Specialist scholarship,Line/page verification remains governed by the source register and evidence record.
EV-0044,,INTERNAL_PROJECT_RECORD,Project methodology,Line/page verification remains governed by the source register and evidence record.
EV-0045,,INTERNAL_PROJECT_RECORD,Project methodology,Line/page verification remains governed by the source register and evidence record.
EV-0046,,INTERNAL_PROJECT_RECORD,Project adaptation,Line/page verification remains governed by the source register and evidence record.
EV-0047,,INTERNAL_PROJECT_RECORD,Project methodology,Line/page verification remains governed by the source register and evidence record.
EV-0048,SRC-0001;SRC-0002,PRIMARY_WITH_TRANSLATION_AID,Manimekalai,Line/page verification remains governed by the source register and evidence record.
EV-0049,SRC-0001;SRC-0002,PRIMARY_WITH_TRANSLATION_AID,Manimekalai,Line/page verification remains governed by the source register and evidence record.
EV-0050,SRC-0001;SRC-0002,PRIMARY_WITH_TRANSLATION_AID,Manimekalai,Line/page verification remains governed by the source register and evidence record.
EV-0051,SRC-0001;SRC-0002,PRIMARY_WITH_TRANSLATION_AID,Manimekalai,Line/page verification remains governed by the source register and evidence record.
EV-0052,SRC-0001;SRC-0002,PRIMARY_WITH_TRANSLATION_AID,Manimekalai,Line/page verification remains governed by the source register and evidence record.
EV-0053,SRC-0001;SRC-0002,PRIMARY_WITH_TRANSLATION_AID,Manimekalai,Line/page verification remains governed by the source register and evidence record.
EV-0054,SRC-0001;SRC-0002,PRIMARY_WITH_TRANSLATION_AID,Manimekalai,Line/page verification remains governed by the source register and evidence record.
EV-0055,SRC-0001;SRC-0002,PRIMARY_WITH_TRANSLATION_AID,Manimekalai,Line/page verification remains governed by the source register and evidence record.
EV-0056,SRC-0001;SRC-0002,PRIMARY_WITH_TRANSLATION_AID,Manimekalai,Line/page verification remains governed by the source register and evidence record.
EV-0057,SRC-0001;SRC-0002,PRIMARY_WITH_TRANSLATION_AID,Manimekalai,Line/page verification remains governed by the source register and evidence record.
EV-0058,SRC-0001;SRC-0002,PRIMARY_WITH_TRANSLATION_AID,Manimekalai,Line/page verification remains governed by the source register and evidence record.
EV-0059,SRC-0001;SRC-0002,PRIMARY_WITH_TRANSLATION_AID,Manimekalai,Line/page verification remains governed by the source register and evidence record.
EV-0060,SRC-0001;SRC-0002,PRIMARY_WITH_TRANSLATION_AID,Manimekalai,Line/page verification remains governed by the source register and evidence record.
EV-0061,SRC-0020,REGISTERED_SOURCE,Premathilake and collaborators,Line/page verification remains governed by the source register and evidence record.
EV-0062,SRC-0021,REGISTERED_SOURCE,Kingwell-Banham,Line/page verification remains governed by the source register and evidence record.
EV-0063,SRC-0022,REGISTERED_SOURCE,Odelli and collaborators,Line/page verification remains governed by the source register and evidence record.
EV-0064,,INTERNAL_PROJECT_RECORD,Project methodology,Line/page verification remains governed by the source register and evidence record.
EV-0065,SRC-0023,INTERPRETIVE_SOURCE,Project adaptation informed by modern famine analysis,Line/page verification remains governed by the source register and evidence record.
EV-0066,,INTERNAL_PROJECT_RECORD,Project methodology,Line/page verification remains governed by the source register and evidence record.
EV-0067,,INTERNAL_PROJECT_RECORD,Project adaptation,Line/page verification remains governed by the source register and evidence record.
EV-0068,SRC-0001;SRC-0002,PRIMARY_WITH_TRANSLATION_AID,Manimekalai,Line/page verification remains governed by the source register and evidence record.
EV-0069,SRC-0001;SRC-0002,PRIMARY_WITH_TRANSLATION_AID,Manimekalai,Line/page verification remains governed by the source register and evidence record.
EV-0070,SRC-0001;SRC-0002,PRIMARY_WITH_TRANSLATION_AID,Manimekalai,Line/page verification remains governed by the source register and evidence record.
EV-0071,SRC-0001;SRC-0002,PRIMARY_WITH_TRANSLATION_AID,Manimekalai,Line/page verification remains governed by the source register and evidence record.
EV-0072,SRC-0001;SRC-0002,PRIMARY_WITH_TRANSLATION_AID,Manimekalai,Line/page verification remains governed by the source register and evidence record.
EV-0073,SRC-0025,REGISTERED_SOURCE,Helwing and collaborators,Line/page verification remains governed by the source register and evidence record.
EV-0074,SRC-0026,REGISTERED_SOURCE,Gunawardhana,Line/page verification remains governed by the source register and evidence record.
EV-0075,SRC-0027,REGISTERED_SOURCE,Murphy and collaborators,Line/page verification remains governed by the source register and evidence record.
EV-0076,SRC-0024,REGISTERED_SOURCE,Kingwell-Banham and collaborators,Line/page verification remains governed by the source register and evidence record.
EV-0077,SRC-0024,REGISTERED_SOURCE,Kingwell-Banham and collaborators,Line/page verification remains governed by the source register and evidence record.
EV-0078,SRC-0028,RECORD_LEVEL_CROSSWALK,Tamil Nadu Department of Archaeology,Line/page verification remains governed by the source register and evidence record.
EV-0079,SRC-0028,RECORD_LEVEL_CROSSWALK,Tamil Nadu Department of Archaeology,Line/page verification remains governed by the source register and evidence record.
EV-0080,SRC-0029,REGISTERED_SOURCE,Vikas K Verma,Line/page verification remains governed by the source register and evidence record.
EV-0081,,INTERNAL_PROJECT_RECORD,Project methodology,Line/page verification remains governed by the source register and evidence record.
EV-0082,,INTERNAL_PROJECT_RECORD,Project methodology,Line/page verification remains governed by the source register and evidence record.
EV-0083,,INTERNAL_PROJECT_RECORD,Project methodology,Line/page verification remains governed by the source register and evidence record.
EV-0084,,INTERNAL_PROJECT_RECORD,Project adaptation,Line/page verification remains governed by the source register and evidence record.
EV-0085,,INTERNAL_PROJECT_RECORD,Project adaptation,Line/page verification remains governed by the source register and evidence record.
EV-0086,,INTERNAL_PROJECT_RECORD,Project methodology,Line/page verification remains governed by the source register and evidence record.
EV-0087,,INTERNAL_PROJECT_RECORD,Project methodology,Line/page verification remains governed by the source register and evidence record.
EV-0088,,INTERNAL_PROJECT_RECORD,Project adaptation,Line/page verification remains governed by the source register and evidence record.
EV-0089,,INTERNAL_PROJECT_RECORD,Project methodology,Line/page verification remains governed by the source register and evidence record.
EV-0090,SRC-0001;SRC-0002,PRIMARY_WITH_TRANSLATION_AID,Manimekalai,Line/page verification remains governed by the source register and evidence record.
EV-0091,SRC-0001;SRC-0002,PRIMARY_WITH_TRANSLATION_AID,Manimekalai,Line/page verification remains governed by the source register and evidence record.
EV-0092,SRC-0001;SRC-0002,PRIMARY_WITH_TRANSLATION_AID,Manimekalai,Line/page verification remains governed by the source register and evidence record.
EV-0093,SRC-0005,RECORD_LEVEL_CROSSWALK,Tamil Nadu Department of Archaeology,Line/page verification remains governed by the source register and evidence record.
EV-0094,SRC-0011,RECORD_LEVEL_CROSSWALK,Tamil Nadu Department of Archaeology,Line/page verification remains governed by the source register and evidence record.
EV-0095,SRC-0041,RECORD_LEVEL_CROSSWALK,Tamil Nadu Department of Archaeology,Line/page verification remains governed by the source register and evidence record.
EV-0096,SRC-0039,RECORD_LEVEL_CROSSWALK,Tamil Nadu Department of Archaeology,Line/page verification remains governed by the source register and evidence record.
EV-0097,SRC-0040,RECORD_LEVEL_CROSSWALK,Tamil Nadu Department of Archaeology,Line/page verification remains governed by the source register and evidence record.
EV-0098,,INTERNAL_PROJECT_RECORD,Project methodology,Line/page verification remains governed by the source register and evidence record.
EV-0099,,INTERNAL_PROJECT_RECORD,Project methodology,Line/page verification remains governed by the source register and evidence record.
EV-0100,,INTERNAL_PROJECT_RECORD,Project methodology,Line/page verification remains governed by the source register and evidence record.
EV-0101,,INTERNAL_PROJECT_RECORD,Project adaptation,Line/page verification remains governed by the source register and evidence record.
EV-0102,SRC-0001;SRC-0002,PRIMARY_WITH_TRANSLATION_AID,Manimekalai,Line/page verification remains governed by the source register and evidence record.
EV-0103,SRC-0001;SRC-0002,PRIMARY_WITH_TRANSLATION_AID,Manimekalai,Line/page verification remains governed by the source register and evidence record.
EV-0104,SRC-0001;SRC-0002,PRIMARY_WITH_TRANSLATION_AID,Manimekalai,Line/page verification remains governed by the source register and evidence record.
EV-0105,SRC-0001;SRC-0002,PRIMARY_WITH_TRANSLATION_AID,Manimekalai,Line/page verification remains governed by the source register and evidence record.
EV-0106,SRC-0001;SRC-0002,PRIMARY_WITH_TRANSLATION_AID,Manimekalai,Line/page verification remains governed by the source register and evidence record.
EV-0107,SRC-0001;SRC-0002,PRIMARY_WITH_TRANSLATION_AID,Manimekalai,Line/page verification remains governed by the source register and evidence record.
EV-0108,SRC-0001;SRC-0002,PRIMARY_WITH_TRANSLATION_AID,Manimekalai,Line/page verification remains governed by the source register and evidence record.
EV-0109,SRC-0013,RECORD_LEVEL_CROSSWALK,Tamil Nadu Department of Archaeology,Line/page verification remains governed by the source register and evidence record.
EV-0110,SRC-0028,RECORD_LEVEL_CROSSWALK,Tamil Nadu Department of Archaeology,Line/page verification remains governed by the source register and evidence record.
EV-0111,SRC-0007,RECORD_LEVEL_CROSSWALK,Tamil Nadu Department of Archaeology,Line/page verification remains governed by the source register and evidence record.
EV-0112,SRC-0035,REGISTERED_SOURCE,Peter Francis Jr and later scholarship,Line/page verification remains governed by the source register and evidence record.
EV-0113,SRC-0034,REGISTERED_SOURCE,Gwendolyn O Kelly,Line/page verification remains governed by the source register and evidence record.
EV-0114,SRC-0033,RECORD_LEVEL_CROSSWALK,Tamil Nadu Department of Archaeology,Line/page verification remains governed by the source register and evidence record.
EV-0115,SRC-0032,RECORD_LEVEL_CROSSWALK,Tamil Nadu Department of Archaeology,Line/page verification remains governed by the source register and evidence record.
EV-0116,,INTERNAL_PROJECT_RECORD,Project methodology,Line/page verification remains governed by the source register and evidence record.
EV-0117,,INTERNAL_PROJECT_RECORD,Project methodology,Line/page verification remains governed by the source register and evidence record.
EV-0118,,INTERNAL_PROJECT_RECORD,Project methodology,Line/page verification remains governed by the source register and evidence record.
EV-0119,,INTERNAL_PROJECT_RECORD,Project adaptation,Line/page verification remains governed by the source register and evidence record.
EV-0120,,INTERNAL_PROJECT_RECORD,Project methodology,Line/page verification remains governed by the source register and evidence record.
EV-0121,,INTERNAL_PROJECT_RECORD,Project adaptation,Line/page verification remains governed by the source register and evidence record.
EV-0122,SRC-0001;SRC-0002,PRIMARY_WITH_TRANSLATION_AID,Manimekalai,Line/page verification remains governed by the source register and evidence record.
EV-0123,SRC-0001;SRC-0002,PRIMARY_WITH_TRANSLATION_AID,Manimekalai,Line/page verification remains governed by the source register and evidence record.
EV-0124,SRC-0001;SRC-0002,PRIMARY_WITH_TRANSLATION_AID,Manimekalai,Line/page verification remains governed by the source register and evidence record.
EV-0125,SRC-0001;SRC-0002,PRIMARY_WITH_TRANSLATION_AID,Manimekalai,Line/page verification remains governed by the source register and evidence record.
EV-0126,SRC-0001;SRC-0002,PRIMARY_WITH_TRANSLATION_AID,Manimekalai,Line/page verification remains governed by the source register and evidence record.
EV-0127,SRC-0003,REGISTERED_SOURCE,Silappathikaram,Line/page verification remains governed by the source register and evidence record.
EV-0128,,INTERNAL_PROJECT_RECORD,Project methodology,Line/page verification remains governed by the source register and evidence record.
EV-0129,SRC-0001;SRC-0002,PRIMARY_WITH_TRANSLATION_AID,Manimekalai,Line/page verification remains governed by the source register and evidence record.
EV-0130,SRC-0001;SRC-0002,PRIMARY_WITH_TRANSLATION_AID,Manimekalai,Line/page verification remains governed by the source register and evidence record.
EV-0131,SRC-0001;SRC-0002,PRIMARY_WITH_TRANSLATION_AID,Manimekalai,Line/page verification remains governed by the source register and evidence record.
EV-0132,SRC-0001;SRC-0002,PRIMARY_WITH_TRANSLATION_AID,Manimekalai,Line/page verification remains governed by the source register and evidence record.
EV-0133,SRC-0001;SRC-0002,PRIMARY_WITH_TRANSLATION_AID,Manimekalai,Line/page verification remains governed by the source register and evidence record.
EV-0134,SRC-0001;SRC-0002,PRIMARY_WITH_TRANSLATION_AID,Manimekalai,Line/page verification remains governed by the source register and evidence record.
EV-0135,SRC-0001;SRC-0002,PRIMARY_WITH_TRANSLATION_AID,Manimekalai,Line/page verification remains governed by the source register and evidence record.
EV-0136,SRC-0001;SRC-0002,PRIMARY_WITH_TRANSLATION_AID,Manimekalai,Line/page verification remains governed by the source register and evidence record.
EV-0137,SRC-0001;SRC-0002,PRIMARY_WITH_TRANSLATION_AID,Manimekalai,Line/page verification remains governed by the source register and evidence record.
EV-0138,SRC-0001;SRC-0002,PRIMARY_WITH_TRANSLATION_AID,Manimekalai,Line/page verification remains governed by the source register and evidence record.
EV-0139,SRC-0001;SRC-0002,PRIMARY_WITH_TRANSLATION_AID,Manimekalai,Line/page verification remains governed by the source register and evidence record.
EV-0140,SRC-0043,RECORD_LEVEL_CROSSWALK,Paula Richman,Line/page verification remains governed by the source register and evidence record.
EV-0141,SRC-0042,RECORD_LEVEL_CROSSWALK,Paula Richman,Line/page verification remains governed by the source register and evidence record.
EV-0142,,INTERNAL_PROJECT_RECORD,Project methodology,Line/page verification remains governed by the source register and evidence record.
EV-0143,,INTERNAL_PROJECT_RECORD,Project methodology,Line/page verification remains governed by the source register and evidence record.
EV-0144,,INTERNAL_PROJECT_RECORD,Project methodology,Line/page verification remains governed by the source register and evidence record.
EV-0145,,INTERNAL_PROJECT_RECORD,Project adaptation,Line/page verification remains governed by the source register and evidence record.
EV-0146,,INTERNAL_PROJECT_RECORD,Project methodology,Line/page verification remains governed by the source register and evidence record.
EV-0147,SRC-0001;SRC-0002;SRC-0003,MULTI_SOURCE,Manimekalai and Silappathikaram,Line/page verification remains governed by the source register and evidence record.
EV-0148,,INTERNAL_PROJECT_RECORD,Project methodology,Line/page verification remains governed by the source register and evidence record.
EV-0149,SRC-0001;SRC-0002,PRIMARY_WITH_TRANSLATION_AID,Manimekalai,Line/page verification remains governed by the source register and evidence record.
EV-0150,SRC-0001;SRC-0002,PRIMARY_WITH_TRANSLATION_AID,Manimekalai,Line/page verification remains governed by the source register and evidence record.
EV-0151,SRC-0001;SRC-0002,PRIMARY_WITH_TRANSLATION_AID,Manimekalai,Line/page verification remains governed by the source register and evidence record.
EV-0152,SRC-0001;SRC-0002,PRIMARY_WITH_TRANSLATION_AID,Manimekalai,Line/page verification remains governed by the source register and evidence record.
EV-0153,SRC-0001;SRC-0002,PRIMARY_WITH_TRANSLATION_AID,Manimekalai,Line/page verification remains governed by the source register and evidence record.
EV-0154,SRC-0001;SRC-0002,PRIMARY_WITH_TRANSLATION_AID,Manimekalai,Line/page verification remains governed by the source register and evidence record.
EV-0155,SRC-0001;SRC-0002,PRIMARY_WITH_TRANSLATION_AID,Manimekalai,Line/page verification remains governed by the source register and evidence record.
EV-0156,SRC-0001;SRC-0002,PRIMARY_WITH_TRANSLATION_AID,Manimekalai,Line/page verification remains governed by the source register and evidence record.
EV-0157,SRC-0001;SRC-0002,PRIMARY_WITH_TRANSLATION_AID,Manimekalai,Line/page verification remains governed by the source register and evidence record.
EV-0158,,INTERNAL_PROJECT_RECORD,Project adaptation,Line/page verification remains governed by the source register and evidence record.
EV-0159,,INTERNAL_PROJECT_RECORD,Project methodology,Line/page verification remains governed by the source register and evidence record.
EV-0160,,INTERNAL_PROJECT_RECORD,Project adaptation,Line/page verification remains governed by the source register and evidence record.
EV-0161,,INTERNAL_PROJECT_RECORD,Project adaptation,Line/page verification remains governed by the source register and evidence record.
EV-0162,,INTERNAL_PROJECT_RECORD,Project methodology,Line/page verification remains governed by the source register and evidence record.
EV-0163,SRC-0003,REGISTERED_SOURCE,Silappathikaram,Line/page verification remains governed by the source register and evidence record.
EV-0164,SRC-0001;SRC-0002,PRIMARY_WITH_TRANSLATION_AID,Manimekalai,Line/page verification remains governed by the source register and evidence record.
EV-0165,SRC-0001;SRC-0002,PRIMARY_WITH_TRANSLATION_AID,Manimekalai,Line/page verification remains governed by the source register and evidence record.
EV-0166,SRC-0001;SRC-0002,PRIMARY_WITH_TRANSLATION_AID,Manimekalai,Line/page verification remains governed by the source register and evidence record.
EV-0167,SRC-0001;SRC-0002;SRC-0003,MULTI_SOURCE,Manimekalai and Silappathikaram,Line/page verification remains governed by the source register and evidence record.
EV-0168,SRC-0001;SRC-0002;SRC-0003,MULTI_SOURCE,Silappathikaram and Manimekalai,Line/page verification remains governed by the source register and evidence record.
EV-0169,SRC-0001;SRC-0002,PRIMARY_WITH_TRANSLATION_AID,Manimekalai,Line/page verification remains governed by the source register and evidence record.
EV-0170,,INTERNAL_PROJECT_RECORD,Project adaptation,Line/page verification remains governed by the source register and evidence record.
EV-0171,,INTERNAL_PROJECT_RECORD,Project adaptation,Line/page verification remains governed by the source register and evidence record.
EV-0172,,INTERNAL_PROJECT_RECORD,Project methodology,Line/page verification remains governed by the source register and evidence record.
EV-0173,,INTERNAL_PROJECT_RECORD,Project methodology,Line/page verification remains governed by the source register and evidence record.
EV-0174,,INTERNAL_PROJECT_RECORD,Project adaptation,Line/page verification remains governed by the source register and evidence record.
EV-0175,,INTERNAL_PROJECT_RECORD,Project adaptation,Line/page verification remains governed by the source register and evidence record.
EV-0176,,INTERNAL_PROJECT_RECORD,Project adaptation,Line/page verification remains governed by the source register and evidence record.
EV-0177,,INTERNAL_PROJECT_RECORD,Project methodology,Line/page verification remains governed by the source register and evidence record.
EV-0178,,INTERNAL_PROJECT_RECORD,Project methodology,Line/page verification remains governed by the source register and evidence record.
EV-0179,,INTERNAL_PROJECT_RECORD,Project adaptation,Line/page verification remains governed by the source register and evidence record.
EV-0180,SRC-0001;SRC-0002,PRIMARY_WITH_TRANSLATION_AID,Manimekalai,Line/page verification remains governed by the source register and evidence record.
EV-0181,SRC-0001;SRC-0002,PRIMARY_WITH_TRANSLATION_AID,Manimekalai,Line/page verification remains governed by the source register and evidence record.
EV-0182,SRC-0001;SRC-0002,PRIMARY_WITH_TRANSLATION_AID,Manimekalai,Line/page verification remains governed by the source register and evidence record.
EV-0183,SRC-0001;SRC-0002,PRIMARY_WITH_TRANSLATION_AID,Manimekalai,Line/page verification remains governed by the source register and evidence record.
EV-0184,SRC-0001;SRC-0002,PRIMARY_WITH_TRANSLATION_AID,Manimekalai,Line/page verification remains governed by the source register and evidence record.
EV-0185,SRC-0001;SRC-0002,PRIMARY_WITH_TRANSLATION_AID,Manimekalai,Line/page verification remains governed by the source register and evidence record.
EV-0186,SRC-0001;SRC-0002,PRIMARY_WITH_TRANSLATION_AID,Manimekalai,Line/page verification remains governed by the source register and evidence record.
EV-0187,,INTERNAL_PROJECT_RECORD,Project methodology,Line/page verification remains governed by the source register and evidence record.
EV-0188,,INTERNAL_PROJECT_RECORD,Project methodology,Line/page verification remains governed by the source register and evidence record.
EV-0189,,INTERNAL_PROJECT_RECORD,Project methodology,Line/page verification remains governed by the source register and evidence record.
EV-0190,,INTERNAL_PROJECT_RECORD,Project adaptation,Line/page verification remains governed by the source register and evidence record.
EV-0191,,INTERNAL_PROJECT_RECORD,Project adaptation,Line/page verification remains governed by the source register and evidence record.
EV-0192,,INTERNAL_PROJECT_RECORD,Project methodology,Line/page verification remains governed by the source register and evidence record.
EV-0193,,INTERNAL_PROJECT_RECORD,Project adaptation,Line/page verification remains governed by the source register and evidence record.
EV-0194,,INTERNAL_PROJECT_RECORD,Project methodology,Line/page verification remains governed by the source register and evidence record.
EV-0195,,INTERNAL_PROJECT_RECORD,Project methodology,Line/page verification remains governed by the source register and evidence record.
EV-0196,SRC-0001;SRC-0002,PRIMARY_WITH_TRANSLATION_AID,Manimekalai,Line/page verification remains governed by the source register and evidence record.
EV-0197,SRC-0001;SRC-0002,PRIMARY_WITH_TRANSLATION_AID,Manimekalai,Line/page verification remains governed by the source register and evidence record.
EV-0198,SRC-0001;SRC-0002,PRIMARY_WITH_TRANSLATION_AID,Manimekalai,Line/page verification remains governed by the source register and evidence record.
EV-0199,SRC-0001;SRC-0002,PRIMARY_WITH_TRANSLATION_AID,Manimekalai,Line/page verification remains governed by the source register and evidence record.
EV-0200,,INTERNAL_PROJECT_RECORD,Project adaptation,Line/page verification remains governed by the source register and evidence record.
EV-0201,,INTERNAL_PROJECT_RECORD,Project methodology,Line/page verification remains governed by the source register and evidence record.
EV-0202,SRC-0001;SRC-0002,PRIMARY_WITH_TRANSLATION_AID,Manimekalai,Line/page verification remains governed by the source register and evidence record.
EV-0203,,INTERNAL_PROJECT_RECORD,Project methodology,Line/page verification remains governed by the source register and evidence record.
EV-0204,SRC-0001;SRC-0002,PRIMARY_WITH_TRANSLATION_AID,Manimekalai,Line/page verification remains governed by the source register and evidence record.
EV-0205,SRC-0001;SRC-0002,PRIMARY_WITH_TRANSLATION_AID,Manimekalai,Line/page verification remains governed by the source register and evidence record.
EV-0206,,INTERNAL_PROJECT_RECORD,Project adaptation,Line/page verification remains governed by the source register and evidence record.
EV-0207,,INTERNAL_PROJECT_RECORD,Project methodology,Line/page verification remains governed by the source register and evidence record.
EV-0208,SRC-0001;SRC-0002,PRIMARY_WITH_TRANSLATION_AID,Manimekalai,Line/page verification remains governed by the source register and evidence record.
EV-0209,,INTERNAL_PROJECT_RECORD,Project adaptation,Line/page verification remains governed by the source register and evidence record.
EV-0210,,INTERNAL_PROJECT_RECORD,Project methodology,Line/page verification remains governed by the source register and evidence record.
EV-0211,SRC-0001;SRC-0002,PRIMARY_WITH_TRANSLATION_AID,Manimekalai,Line/page verification remains governed by the source register and evidence record.
EV-0212,SRC-0001;SRC-0002,PRIMARY_WITH_TRANSLATION_AID,Manimekalai,Line/page verification remains governed by the source register and evidence record.
EV-0213,SRC-0001;SRC-0002,PRIMARY_WITH_TRANSLATION_AID,Manimekalai,Line/page verification remains governed by the source register and evidence record.
EV-0214,SRC-0001;SRC-0002,PRIMARY_WITH_TRANSLATION_AID,Manimekalai,Line/page verification remains governed by the source register and evidence record.
EV-0215,SRC-0001;SRC-0002,PRIMARY_WITH_TRANSLATION_AID,Manimekalai,Line/page verification remains governed by the source register and evidence record.
EV-0216,SRC-0001;SRC-0002,PRIMARY_WITH_TRANSLATION_AID,Manimekalai,Line/page verification remains governed by the source register and evidence record.
EV-0217,SRC-0001;SRC-0002,PRIMARY_WITH_TRANSLATION_AID,Manimekalai,Line/page verification remains governed by the source register and evidence record.
EV-0218,SRC-0001;SRC-0002,PRIMARY_WITH_TRANSLATION_AID,Manimekalai,Line/page verification remains governed by the source register and evidence record.
EV-0219,SRC-0001;SRC-0002,PRIMARY_WITH_TRANSLATION_AID,Manimekalai,Line/page verification remains governed by the source register and evidence record.
EV-0220,SRC-0001;SRC-0002,PRIMARY_WITH_TRANSLATION_AID,Manimekalai,Line/page verification remains governed by the source register and evidence record.
EV-0221,,INTERNAL_PROJECT_RECORD,Project adaptation,Line/page verification remains governed by the source register and evidence record.
EV-0222,,INTERNAL_PROJECT_RECORD,Project methodology,Line/page verification remains governed by the source register and evidence record.
EV-0223,,INTERNAL_PROJECT_RECORD,Project methodology,Line/page verification remains governed by the source register and evidence record.
EV-0224,,INTERNAL_PROJECT_RECORD,Project methodology,Line/page verification remains governed by the source register and evidence record.
EV-0225,,INTERNAL_PROJECT_RECORD,Project adaptation,Line/page verification remains governed by the source register and evidence record.
EV-0226,,INTERNAL_PROJECT_RECORD,Project adaptation,Line/page verification remains governed by the source register and evidence record.
EV-0227,SRC-0001;SRC-0002,PRIMARY_WITH_TRANSLATION_AID,Manimekalai,Line/page verification remains governed by the source register and evidence record.
EV-0228,SRC-0001;SRC-0002,PRIMARY_WITH_TRANSLATION_AID,Manimekalai,Line/page verification remains governed by the source register and evidence record.
EV-0229,SRC-0001;SRC-0002,PRIMARY_WITH_TRANSLATION_AID,Manimekalai,Line/page verification remains governed by the source register and evidence record.
EV-0230,SRC-0001;SRC-0002,PRIMARY_WITH_TRANSLATION_AID,Manimekalai,Line/page verification remains governed by the source register and evidence record.
EV-0231,SRC-0001;SRC-0002,PRIMARY_WITH_TRANSLATION_AID,Manimekalai,Line/page verification remains governed by the source register and evidence record.
EV-0232,SRC-0001;SRC-0002,PRIMARY_WITH_TRANSLATION_AID,Manimekalai,Line/page verification remains governed by the source register and evidence record.
EV-0233,SRC-0001;SRC-0002,PRIMARY_WITH_TRANSLATION_AID,Manimekalai,Line/page verification remains governed by the source register and evidence record.
EV-0234,,INTERNAL_PROJECT_RECORD,Project adaptation,Line/page verification remains governed by the source register and evidence record.
EV-0235,,INTERNAL_PROJECT_RECORD,Project adaptation,Line/page verification remains governed by the source register and evidence record.
EV-0236,,INTERNAL_PROJECT_RECORD,Project methodology,Line/page verification remains governed by the source register and evidence record.
EV-0237,,INTERNAL_PROJECT_RECORD,Project methodology,Line/page verification remains governed by the source register and evidence record.
EV-0238,,INTERNAL_PROJECT_RECORD,Project adaptation,Line/page verification remains governed by the source register and evidence record.
EV-0239,,INTERNAL_PROJECT_RECORD,Project adaptation,Line/page verification remains governed by the source register and evidence record.
EV-0240,,INTERNAL_PROJECT_RECORD,Project adaptation,Line/page verification remains governed by the source register and evidence record.
EV-0241,,INTERNAL_PROJECT_RECORD,Project methodology,Line/page verification remains governed by the source register and evidence record.
EV-0242,,INTERNAL_PROJECT_RECORD,Project adaptation,Line/page verification remains governed by the source register and evidence record.
EV-0243,,INTERNAL_PROJECT_RECORD,Project methodology,Line/page verification remains governed by the source register and evidence record.
EV-0244,SRC-0001;SRC-0002,PRIMARY_WITH_TRANSLATION_AID,Manimekalai,Line/page verification remains governed by the source register and evidence record.
EV-0245,SRC-0001;SRC-0002,PRIMARY_WITH_TRANSLATION_AID,Manimekalai,Line/page verification remains governed by the source register and evidence record.
EV-0246,SRC-0001;SRC-0002,PRIMARY_WITH_TRANSLATION_AID,Manimekalai,Line/page verification remains governed by the source register and evidence record.
EV-0247,SRC-0001;SRC-0002,PRIMARY_WITH_TRANSLATION_AID,Manimekalai,Line/page verification remains governed by the source register and evidence record.
EV-0248,SRC-0001;SRC-0002,PRIMARY_WITH_TRANSLATION_AID,Manimekalai,Line/page verification remains governed by the source register and evidence record.
EV-0249,SRC-0001;SRC-0002,PRIMARY_WITH_TRANSLATION_AID,Manimekalai,Line/page verification remains governed by the source register and evidence record.
EV-0250,SRC-0001;SRC-0002,PRIMARY_WITH_TRANSLATION_AID,Manimekalai,Line/page verification remains governed by the source register and evidence record.
EV-0251,SRC-0001;SRC-0002,PRIMARY_WITH_TRANSLATION_AID,Manimekalai,Line/page verification remains governed by the source register and evidence record.
EV-0252,SRC-0001;SRC-0002,PRIMARY_WITH_TRANSLATION_AID,Manimekalai,Line/page verification remains governed by the source register and evidence record.
EV-0253,SRC-0001;SRC-0002,PRIMARY_WITH_TRANSLATION_AID,Manimekalai,Line/page verification remains governed by the source register and evidence record.
EV-0254,SRC-0001;SRC-0002,PRIMARY_WITH_TRANSLATION_AID,Manimekalai,Line/page verification remains governed by the source register and evidence record.
EV-0255,SRC-0001;SRC-0002,PRIMARY_WITH_TRANSLATION_AID,Manimekalai,Line/page verification remains governed by the source register and evidence record.
EV-0256,SRC-0001;SRC-0002,PRIMARY_WITH_TRANSLATION_AID,Manimekalai,Line/page verification remains governed by the source register and evidence record.
EV-0257,SRC-0001;SRC-0002,PRIMARY_WITH_TRANSLATION_AID,Manimekalai,Line/page verification remains governed by the source register and evidence record.
EV-0258,SRC-0001;SRC-0002,PRIMARY_WITH_TRANSLATION_AID,Manimekalai,Line/page verification remains governed by the source register and evidence record.
EV-0259,,INTERNAL_PROJECT_RECORD,Project adaptation,Line/page verification remains governed by the source register and evidence record.
EV-0260,,INTERNAL_PROJECT_RECORD,Project methodology,Line/page verification remains governed by the source register and evidence record.
EV-0261,,INTERNAL_PROJECT_RECORD,Project methodology,Line/page verification remains governed by the source register and evidence record.
EV-0262,SRC-0001;SRC-0002,PRIMARY_WITH_TRANSLATION_AID,Manimekalai,Line/page verification remains governed by the source register and evidence record.
EV-0263,SRC-0001;SRC-0002,PRIMARY_WITH_TRANSLATION_AID,Manimekalai,Line/page verification remains governed by the source register and evidence record.
EV-0264,SRC-0001;SRC-0002,PRIMARY_WITH_TRANSLATION_AID,Manimekalai,Line/page verification remains governed by the source register and evidence record.
EV-0265,SRC-0001;SRC-0002,PRIMARY_WITH_TRANSLATION_AID,Manimekalai,Line/page verification remains governed by the source register and evidence record.
EV-0266,SRC-0001;SRC-0002,PRIMARY_WITH_TRANSLATION_AID,Manimekalai,Line/page verification remains governed by the source register and evidence record.
EV-0267,SRC-0001;SRC-0002,PRIMARY_WITH_TRANSLATION_AID,Manimekalai,Line/page verification remains governed by the source register and evidence record.
EV-0268,SRC-0001;SRC-0002,PRIMARY_WITH_TRANSLATION_AID,Manimekalai,Line/page verification remains governed by the source register and evidence record.
EV-0269,SRC-0001;SRC-0002,PRIMARY_WITH_TRANSLATION_AID,Manimekalai,Line/page verification remains governed by the source register and evidence record.
EV-0270,SRC-0001;SRC-0002,PRIMARY_WITH_TRANSLATION_AID,Manimekalai,Line/page verification remains governed by the source register and evidence record.
EV-0271,SRC-0001;SRC-0002,PRIMARY_WITH_TRANSLATION_AID,Manimekalai,Line/page verification remains governed by the source register and evidence record.
EV-0272,SRC-0001;SRC-0002,PRIMARY_WITH_TRANSLATION_AID,Manimekalai,Line/page verification remains governed by the source register and evidence record.
EV-0273,,INTERNAL_PROJECT_RECORD,Project adaptation,Line/page verification remains governed by the source register and evidence record.
EV-0274,SRC-0001;SRC-0002,PRIMARY_WITH_TRANSLATION_AID,Manimekalai,Line/page verification remains governed by the source register and evidence record.
EV-0275,SRC-0001;SRC-0002,PRIMARY_WITH_TRANSLATION_AID,Manimekalai,Line/page verification remains governed by the source register and evidence record.
EV-0276,SRC-0001;SRC-0002,PRIMARY_WITH_TRANSLATION_AID,Manimekalai,Line/page verification remains governed by the source register and evidence record.
EV-0277,SRC-0001;SRC-0002,PRIMARY_WITH_TRANSLATION_AID,Manimekalai,Line/page verification remains governed by the source register and evidence record.
EV-0278,,INTERNAL_PROJECT_RECORD,Project methodology,Line/page verification remains governed by the source register and evidence record.
EV-0279,,INTERNAL_PROJECT_RECORD,Project methodology,Line/page verification remains governed by the source register and evidence record.
EV-0280,SRC-0001;SRC-0002,PRIMARY_WITH_TRANSLATION_AID,Manimekalai,Line/page verification remains governed by the source register and evidence record.
EV-0281,SRC-0001;SRC-0002,PRIMARY_WITH_TRANSLATION_AID,Manimekalai,Line/page verification remains governed by the source register and evidence record.
EV-0282,SRC-0001;SRC-0002,PRIMARY_WITH_TRANSLATION_AID,Manimekalai,Line/page verification remains governed by the source register and evidence record.
EV-0283,SRC-0001;SRC-0002,PRIMARY_WITH_TRANSLATION_AID,Manimekalai,Line/page verification remains governed by the source register and evidence record.
EV-0284,SRC-0001;SRC-0002,PRIMARY_WITH_TRANSLATION_AID,Manimekalai,Line/page verification remains governed by the source register and evidence record.
EV-0285,SRC-0001;SRC-0002,PRIMARY_WITH_TRANSLATION_AID,Manimekalai,Line/page verification remains governed by the source register and evidence record.
EV-0286,SRC-0001;SRC-0002,PRIMARY_WITH_TRANSLATION_AID,Manimekalai,Line/page verification remains governed by the source register and evidence record.
EV-0287,SRC-0001;SRC-0002,PRIMARY_WITH_TRANSLATION_AID,Manimekalai,Line/page verification remains governed by the source register and evidence record.
EV-0288,SRC-0001;SRC-0002,PRIMARY_WITH_TRANSLATION_AID,Manimekalai,Line/page verification remains governed by the source register and evidence record.
EV-0289,SRC-0001;SRC-0002,PRIMARY_WITH_TRANSLATION_AID,Manimekalai,Line/page verification remains governed by the source register and evidence record.
EV-0290,SRC-0001;SRC-0002,PRIMARY_WITH_TRANSLATION_AID,Manimekalai,Line/page verification remains governed by the source register and evidence record.
EV-0291,SRC-0001;SRC-0002,PRIMARY_WITH_TRANSLATION_AID,Manimekalai,Line/page verification remains governed by the source register and evidence record.
EV-0292,,INTERNAL_PROJECT_RECORD,Project adaptation,Line/page verification remains governed by the source register and evidence record.
EV-0293,,INTERNAL_PROJECT_RECORD,Project methodology,Line/page verification remains governed by the source register and evidence record.
EV-0294,,INTERNAL_PROJECT_RECORD,Project methodology,Line/page verification remains governed by the source register and evidence record.
EV-0295,SRC-0001;SRC-0002,PRIMARY_WITH_TRANSLATION_AID,Manimekalai,Line/page verification remains governed by the source register and evidence record.
EV-0296,SRC-0001;SRC-0002,PRIMARY_WITH_TRANSLATION_AID,Manimekalai,Line/page verification remains governed by the source register and evidence record.
EV-0297,SRC-0001;SRC-0002,PRIMARY_WITH_TRANSLATION_AID,Manimekalai,Line/page verification remains governed by the source register and evidence record.
EV-0298,SRC-0001;SRC-0002,PRIMARY_WITH_TRANSLATION_AID,Manimekalai,Line/page verification remains governed by the source register and evidence record.
EV-0299,SRC-0001;SRC-0002,PRIMARY_WITH_TRANSLATION_AID,Manimekalai,Line/page verification remains governed by the source register and evidence record.
EV-0300,SRC-0001;SRC-0002,PRIMARY_WITH_TRANSLATION_AID,Manimekalai,Line/page verification remains governed by the source register and evidence record.
EV-0301,SRC-0001;SRC-0002,PRIMARY_WITH_TRANSLATION_AID,Manimekalai,Line/page verification remains governed by the source register and evidence record.
EV-0302,SRC-0001;SRC-0002,PRIMARY_WITH_TRANSLATION_AID,Manimekalai,Line/page verification remains governed by the source register and evidence record.
EV-0303,SRC-0001;SRC-0002,PRIMARY_WITH_TRANSLATION_AID,Manimekalai,Line/page verification remains governed by the source register and evidence record.
EV-0304,SRC-0001;SRC-0002,PRIMARY_WITH_TRANSLATION_AID,Manimekalai,Line/page verification remains governed by the source register and evidence record.
EV-0305,,INTERNAL_PROJECT_RECORD,Project methodology,Line/page verification remains governed by the source register and evidence record.
EV-0306,,INTERNAL_PROJECT_RECORD,Project adaptation,Line/page verification remains governed by the source register and evidence record.
EV-0307,,INTERNAL_PROJECT_RECORD,Project methodology,Line/page verification remains governed by the source register and evidence record.
EV-0308,SRC-0001;SRC-0002,PRIMARY_WITH_TRANSLATION_AID,Manimekalai,Line/page verification remains governed by the source register and evidence record.
EV-0309,SRC-0001;SRC-0002,PRIMARY_WITH_TRANSLATION_AID,Manimekalai,Line/page verification remains governed by the source register and evidence record.
EV-0310,SRC-0001;SRC-0002,PRIMARY_WITH_TRANSLATION_AID,Manimekalai,Line/page verification remains governed by the source register and evidence record.
EV-0311,SRC-0001;SRC-0002,PRIMARY_WITH_TRANSLATION_AID,Manimekalai,Line/page verification remains governed by the source register and evidence record.
EV-0312,SRC-0001;SRC-0002,PRIMARY_WITH_TRANSLATION_AID,Manimekalai,Line/page verification remains governed by the source register and evidence record.
EV-0313,SRC-0001;SRC-0002,PRIMARY_WITH_TRANSLATION_AID,Manimekalai,Line/page verification remains governed by the source register and evidence record.
EV-0314,SRC-0001;SRC-0002,PRIMARY_WITH_TRANSLATION_AID,Manimekalai,Line/page verification remains governed by the source register and evidence record.
EV-0315,SRC-0001;SRC-0002,PRIMARY_WITH_TRANSLATION_AID,Manimekalai,Line/page verification remains governed by the source register and evidence record.
EV-0316,SRC-0001;SRC-0002,PRIMARY_WITH_TRANSLATION_AID,Manimekalai,Line/page verification remains governed by the source register and evidence record.
EV-0317,,INTERNAL_PROJECT_RECORD,Project methodology,Line/page verification remains governed by the source register and evidence record.
EV-0318,,INTERNAL_PROJECT_RECORD,Project adaptation,Line/page verification remains governed by the source register and evidence record.
