unit_order,feature_unit_id,primary_scene_id,sequence_id,act,treatment_file,treatment_section,target_minutes,treatment_status
1,FU-001,SC-039,SEQ-01,ACT-I,10D_act_i_treatment.md,The City Before the Storm,3.25,included
2,FU-002,SC-002,SEQ-01,ACT-I,10D_act_i_treatment.md,The City Before the Storm,2.25,included
3,FU-003,SC-073,SEQ-01,ACT-I,10D_act_i_treatment.md,The City Before the Storm,3.25,included
4,BR-001,SC-097,SEQ-01,ACT-I,10D_act_i_treatment.md,The City Before the Storm,0.75,included
5,FU-004,SC-075,SEQ-01,ACT-I,10D_act_i_treatment.md,The City Before the Storm,3.25,included
6,FU-005,SC-009,SEQ-01,ACT-I,10D_act_i_treatment.md,The City Before the Storm,2.25,included
7,FU-006,SC-081,SEQ-02,ACT-I,10D_act_i_treatment.md,The Woman Who Refuses a Destiny,1.75,included
8,FU-007,SC-082,SEQ-02,ACT-I,10D_act_i_treatment.md,The Woman Who Refuses a Destiny,1.75,included
9,FU-008,SC-055,SEQ-02,ACT-I,10D_act_i_treatment.md,The Woman Who Refuses a Destiny,2.75,included
10,FU-009,SC-058,SEQ-02,ACT-I,10D_act_i_treatment.md,The Woman Who Refuses a Destiny,2.75,included
11,FU-010,SC-090,SEQ-02,ACT-I,10D_act_i_treatment.md,The Woman Who Refuses a Destiny,1.75,included
12,FU-011,SC-059,SEQ-02,ACT-I,10D_act_i_treatment.md,The Woman Who Refuses a Destiny,2.50,included
13,FU-012,SC-085,SEQ-02,ACT-I,10D_act_i_treatment.md,The Woman Who Refuses a Destiny,1.75,included
14,FU-013,SC-066,SEQ-03,ACT-I,10D_act_i_treatment.md,The Island of Memory,4.25,included
15,FU-014,SC-027,SEQ-03,ACT-I,10D_act_i_treatment.md,The Island of Memory,4.00,included
16,FU-015,SC-015,SEQ-03,ACT-I,10D_act_i_treatment.md,The Island of Memory,4.00,included
17,FU-016,SC-086,SEQ-03,ACT-I,10D_act_i_treatment.md,The Island of Memory,2.75,included
18,FU-017,SC-098,SEQ-04,ACT-II,10D_act_ii_treatment.md,The Bowl and the Hungry City,2.25,included
19,FU-018,SC-099,SEQ-04,ACT-II,10D_act_ii_treatment.md,The Bowl and the Hungry City,2.25,included
20,FU-019,SC-100,SEQ-04,ACT-II,10D_act_ii_treatment.md,The Bowl and the Hungry City,2.00,included
21,BR-002,SC-120,SEQ-04,ACT-II,10D_act_ii_treatment.md,The Bowl and the Hungry City,0.50,included
22,BR-003,SC-121,SEQ-04,ACT-II,10D_act_ii_treatment.md,The Bowl and the Hungry City,0.50,included
23,BR-004,SC-123,SEQ-04,ACT-II,10D_act_ii_treatment.md,The Bowl and the Hungry City,0.50,included
24,BR-005,SC-124,SEQ-04,ACT-II,10D_act_ii_treatment.md,The Bowl and the Hungry City,0.50,included
25,BR-006,SC-125,SEQ-04,ACT-II,10D_act_ii_treatment.md,The Bowl and the Hungry City,0.50,included
26,BR-007,SC-127,SEQ-04,ACT-II,10D_act_ii_treatment.md,The Bowl and the Hungry City,0.50,included
27,BR-008,SC-128,SEQ-04,ACT-II,10D_act_ii_treatment.md,The Bowl and the Hungry City,0.50,included
28,FU-020,SC-101,SEQ-04,ACT-II,10D_act_ii_treatment.md,The Bowl and the Hungry City,2.00,included
29,BR-010,SC-150,SEQ-04,ACT-II,10D_act_ii_treatment.md,The Bowl and the Hungry City,0.50,included
30,BR-011,SC-152,SEQ-04,ACT-II,10D_act_ii_treatment.md,The Bowl and the Hungry City,0.50,included
31,FU-021,SC-153,SEQ-04,ACT-II,10D_act_ii_treatment.md,The Bowl and the Hungry City,2.00,included
32,FU-022,SC-068,SEQ-04,ACT-II,10D_act_ii_treatment.md,The Bowl and the Hungry City,2.00,included
33,FU-023,SC-019,SEQ-04,ACT-II,10D_act_ii_treatment.md,The Bowl and the Hungry City,1.50,included
34,FU-024,SC-020,SEQ-04,ACT-II,10D_act_ii_treatment.md,The Bowl and the Hungry City,1.50,included
35,FU-025,SC-107,SEQ-05,ACT-II,10D_act_ii_treatment.md,The Prince and the Shadow,2.75,included
36,FU-026,SC-092,SEQ-05,ACT-II,10D_act_ii_treatment.md,The Prince and the Shadow,1.75,included
37,BR-009,SC-131,SEQ-05,ACT-II,10D_act_ii_treatment.md,The Prince and the Shadow,0.75,included
38,FU-028,SC-132,SEQ-05,ACT-II,10D_act_ii_treatment.md,The Prince and the Shadow,2.75,included
39,FU-029,SC-133,SEQ-05,ACT-II,10D_act_ii_treatment.md,The Prince and the Shadow,2.75,included
40,FU-030,SC-134,SEQ-05,ACT-II,10D_act_ii_treatment.md,The Prince and the Shadow,2.50,included
41,FU-031,SC-135,SEQ-05,ACT-II,10D_act_ii_treatment.md,The Prince and the Shadow,2.50,included
42,FU-032,SC-136,SEQ-05,ACT-II,10D_act_ii_treatment.md,The Prince and the Shadow,2.50,included
43,FU-033,SC-069,SEQ-05,ACT-II,10D_act_ii_treatment.md,The Prince and the Shadow,1.75,included
44,FU-034,SC-050,SEQ-06,ACT-II,10D_act_ii_treatment.md,The Palace of Grief,3.50,included
45,FU-035,SC-112,SEQ-06,ACT-II,10D_act_ii_treatment.md,The Palace of Grief,3.50,included
46,FU-036,SC-113,SEQ-06,ACT-II,10D_act_ii_treatment.md,The Palace of Grief,3.25,included
47,FU-037,SC-114,SEQ-06,ACT-II,10D_act_ii_treatment.md,The Palace of Grief,3.25,included
48,FU-038,SC-115,SEQ-06,ACT-II,10D_act_ii_treatment.md,The Palace of Grief,3.25,included
49,FU-039,SC-116,SEQ-06,ACT-II,10D_act_ii_treatment.md,The Palace of Grief,3.25,included
50,FU-040,SC-117,SEQ-07,ACT-III,10D_act_iii_treatment.md,The Queen Learns to Listen,5.00,included
51,FU-041,SC-118,SEQ-07,ACT-III,10D_act_iii_treatment.md,The Queen Learns to Listen,5.00,included
52,FU-042,SC-102,SEQ-07,ACT-III,10D_act_iii_treatment.md,The Queen Learns to Listen,3.25,included
53,FU-043,SC-119,SEQ-07,ACT-III,10D_act_iii_treatment.md,The Queen Learns to Listen,4.75,included
54,FU-044,SC-138,SEQ-08,ACT-III,10D_act_iii_treatment.md,The King Who Was a Beggar,2.50,included
55,FU-045,SC-140,SEQ-08,ACT-III,10D_act_iii_treatment.md,The King Who Was a Beggar,2.50,included
56,FU-046,SC-142,SEQ-08,ACT-III,10D_act_iii_treatment.md,The King Who Was a Beggar,2.50,included
57,FU-047,SC-144,SEQ-08,ACT-III,10D_act_iii_treatment.md,The King Who Was a Beggar,2.50,included
58,FU-048,SC-145,SEQ-08,ACT-III,10D_act_iii_treatment.md,The King Who Was a Beggar,2.50,included
59,FU-049,SC-146,SEQ-08,ACT-III,10D_act_iii_treatment.md,The King Who Was a Beggar,2.50,included
60,FU-050,SC-031,SEQ-09,ACT-III,10D_act_iii_treatment.md,The Questions of Truth,2.25,included
61,FU-051,SC-032,SEQ-09,ACT-III,10D_act_iii_treatment.md,The Questions of Truth,2.25,included
62,FU-052,SC-071,SEQ-09,ACT-III,10D_act_iii_treatment.md,The Questions of Truth,2.25,included
63,FU-053,SC-010,SEQ-09,ACT-III,10D_act_iii_treatment.md,The Questions of Truth,3.50,included
64,FU-054,SC-011,SEQ-09,ACT-III,10D_act_iii_treatment.md,The Questions of Truth,3.50,included
65,FU-055,SC-104,SEQ-09,ACT-III,10D_act_iii_treatment.md,The Questions of Truth,3.25,included
66,FU-056,SC-013,SEQ-10,ACT-III,10D_act_iii_treatment.md,The Bowl Beyond Its Owner,1.75,included
67,FU-057,SC-033,SEQ-10,ACT-III,10D_act_iii_treatment.md,The Bowl Beyond Its Owner,1.00,included
68,FU-058,SC-046,SEQ-10,ACT-III,10D_act_iii_treatment.md,The Bowl Beyond Its Owner,1.00,included
69,FU-059,SC-047,SEQ-10,ACT-III,10D_act_iii_treatment.md,The Bowl Beyond Its Owner,1.00,included
70,FU-060,SC-023,SEQ-10,ACT-III,10D_act_iii_treatment.md,The Bowl Beyond Its Owner,1.75,included
71,FU-061,SC-024,SEQ-10,ACT-III,10D_act_iii_treatment.md,The Bowl Beyond Its Owner,1.75,included
72,FU-062,SC-014,SEQ-10,ACT-III,10D_act_iii_treatment.md,The Bowl Beyond Its Owner,1.75,included